Source,Target,Value
AT&T,REPUBLICAN NATIONAL COMMITTEE,15000
Comcast,REPUBLICAN NATIONAL COMMITTEE,200000
AT&T,REPUBLICAN NATIONAL SENATORIAL COMMITTEE,1500
Verizon,REPUBLICAN NATIONAL SENATORIAL COMMITTEE,15000
Comcast,REPUBLICAN NATIONAL SENATORIAL COMMITTEE,30000
Lumen Technologies,REPUBLICAN NATIONAL SENATORIAL COMMITTEE,15000
Charter Communications,REPUBLICAN NATIONAL SENATORIAL COMMITTEE,45000
AT&T,DEMOCRATIC SENATORIAL CAMPAIGN COMMITTEE,1000
Verizon,DEMOCRATIC SENATORIAL CAMPAIGN COMMITTEE,15000
Comcast,DEMOCRATIC SENATORIAL CAMPAIGN COMMITTEE,32000
Lumen Technologies,DEMOCRATIC SENATORIAL CAMPAIGN COMMITTEE,15000
Charter Communications,DEMOCRATIC SENATORIAL CAMPAIGN COMMITTEE,30000
AT&T,NATIONAL REPUBLICAN CONGRESSIONAL COMMITTEE,1000
Verizon,NATIONAL REPUBLICAN CONGRESSIONAL COMMITTEE,15000
Comcast,NATIONAL REPUBLICAN CONGRESSIONAL COMMITTEE,30000
Lumen Technologies,NATIONAL REPUBLICAN CONGRESSIONAL COMMITTEE,15000
Charter Communications,NATIONAL REPUBLICAN CONGRESSIONAL COMMITTEE,30000
AT&T,TEAM RYAN,70000
Comcast,TEAM RYAN,5000
Charter Communications,TEAM RYAN,5000
AT&T,WALDEN FOR CONGRESS,5500
Verizon,WALDEN FOR CONGRESS,5000
Comcast,WALDEN FOR CONGRESS,21000
Sprint,WALDEN FOR CONGRESS,3500
Cox Enterprises,WALDEN FOR CONGRESS,5000
Windstream,WALDEN FOR CONGRESS,2500
Lumen Technologies,WALDEN FOR CONGRESS,5000
Charter Communications,WALDEN FOR CONGRESS,10000
AT&T,UPTON FOR ALL OF US,10000
Verizon,UPTON FOR ALL OF US,10000
Comcast,UPTON FOR ALL OF US,15000
Sprint,UPTON FOR ALL OF US,1000
Cox Enterprises,UPTON FOR ALL OF US,1000
Lumen Technologies,UPTON FOR ALL OF US,5000
Charter Communications,UPTON FOR ALL OF US,10000
AT&T,COLLINS FOR CONGRESS,8000
Verizon,COLLINS FOR CONGRESS,3000
Comcast,COLLINS FOR CONGRESS,15500
Sprint,COLLINS FOR CONGRESS,2000
Cox Enterprises,COLLINS FOR CONGRESS,6000
Windstream,COLLINS FOR CONGRESS,2000
Charter Communications,COLLINS FOR CONGRESS,12500
AT&T,STRANGE FOR SENATE,5000
Verizon,STRANGE FOR SENATE,8500
Comcast,STRANGE FOR SENATE,23500
Cox Enterprises,STRANGE FOR SENATE,1000
Charter Communications,STRANGE FOR SENATE,10000
AT&T,WICKER FOR SENATE,2000
Verizon,WICKER FOR SENATE,10000
Comcast,WICKER FOR SENATE,22500
Sprint,WICKER FOR SENATE,4250
Cox Enterprises,WICKER FOR SENATE,5000
Lumen Technologies,WICKER FOR SENATE,2500
Charter Communications,WICKER FOR SENATE,1500
AT&T,LATTA FOR CONGRESS,5000
Verizon,LATTA FOR CONGRESS,5000
Comcast,LATTA FOR CONGRESS,15000
Sprint,LATTA FOR CONGRESS,1500
Cox Enterprises,LATTA FOR CONGRESS,6000
Lumen Technologies,LATTA FOR CONGRESS,4000
Charter Communications,LATTA FOR CONGRESS,10000
AT&T,ANN WAGNER FOR CONGRESS,10000
Verizon,ANN WAGNER FOR CONGRESS,3000
Comcast,ANN WAGNER FOR CONGRESS,10000
Sprint,ANN WAGNER FOR CONGRESS,1000
Charter Communications,ANN WAGNER FOR CONGRESS,21000
AT&T,REPUBLICAN NATIONAL SENATORIAL COMMITTEE,45000
AT&T,REPUBLICAN NATIONAL COMMITTEE,45000
AT&T,GRAVES FOR CONGRESS,10000
Verizon,GRAVES FOR CONGRESS,6500
Comcast,GRAVES FOR CONGRESS,16000
Sprint,GRAVES FOR CONGRESS,1000
Cox Enterprises,GRAVES FOR CONGRESS,5000
Lumen Technologies,GRAVES FOR CONGRESS,1000
Charter Communications,GRAVES FOR CONGRESS,5000
AT&T,STABENOW FOR US SENATE,3500
Verizon,STABENOW FOR US SENATE,4000
Comcast,STABENOW FOR US SENATE,17500
Cox Enterprises,STABENOW FOR US SENATE,8500
Lumen Technologies,STABENOW FOR US SENATE,1000
Charter Communications,STABENOW FOR US SENATE,10000
AT&T,MONTANANS FOR TESTER,4500
Verizon,MONTANANS FOR TESTER,5000
Comcast,MONTANANS FOR TESTER,11000
Cox Enterprises,MONTANANS FOR TESTER,7500
TDS Telecom,MONTANANS FOR TESTER,500
Lumen Technologies,MONTANANS FOR TESTER,4000
Charter Communications,MONTANANS FOR TESTER,11000
AT&T,RYAN COSTELLO FOR CONGRESS,5000
Verizon,RYAN COSTELLO FOR CONGRESS,4500
Comcast,RYAN COSTELLO FOR CONGRESS,13500
Sprint,RYAN COSTELLO FOR CONGRESS,1500
Cox Enterprises,RYAN COSTELLO FOR CONGRESS,6500
Lumen Technologies,RYAN COSTELLO FOR CONGRESS,5000
Charter Communications,RYAN COSTELLO FOR CONGRESS,7500
AT&T,HOYER FOR CONGRESS,5000
Verizon,HOYER FOR CONGRESS,5000
Comcast,HOYER FOR CONGRESS,20000
Sprint,HOYER FOR CONGRESS,1000
Cox Enterprises,HOYER FOR CONGRESS,7500
Charter Communications,HOYER FOR CONGRESS,2500
AT&T,NATIONAL REPUBLICAN SENATORIAL COMMITTEE,15000
Verizon,NATIONAL REPUBLICAN SENATORIAL COMMITTEE,1375
Comcast,NATIONAL REPUBLICAN SENATORIAL COMMITTEE,2500
Sprint,NATIONAL REPUBLICAN SENATORIAL COMMITTEE,5000
Cox Enterprises,NATIONAL REPUBLICAN SENATORIAL COMMITTEE,15000
AT&T,SCALISE FOR CONGRESS,5000
Verizon,SCALISE FOR CONGRESS,5000
Comcast,SCALISE FOR CONGRESS,12500
Cox Enterprises,SCALISE FOR CONGRESS,5000
Lumen Technologies,SCALISE FOR CONGRESS,5000
Charter Communications,SCALISE FOR CONGRESS,5000
AT&T,DONNELLY FOR INDIANA,4000
Verizon,DONNELLY FOR INDIANA,7000
Comcast,DONNELLY FOR INDIANA,20000
Cox Enterprises,DONNELLY FOR INDIANA,1000
Lumen Technologies,DONNELLY FOR INDIANA,2000
Charter Communications,DONNELLY FOR INDIANA,2500
AT&T,CRAMER FOR CONGRESS,10000
Verizon,CRAMER FOR CONGRESS,3000
Comcast,CRAMER FOR CONGRESS,5000
Sprint,CRAMER FOR CONGRESS,1500
Cox Enterprises,CRAMER FOR CONGRESS,2500
TDS Telecom,CRAMER FOR CONGRESS,1000
Lumen Technologies,CRAMER FOR CONGRESS,3500
Charter Communications,CRAMER FOR CONGRESS,10000
AT&T,BILL NELSON FOR U S SENATE,2000
Verizon,BILL NELSON FOR U S SENATE,2000
Comcast,BILL NELSON FOR U S SENATE,15000
Cox Enterprises,BILL NELSON FOR U S SENATE,3500
Lumen Technologies,BILL NELSON FOR U S SENATE,1000
Charter Communications,BILL NELSON FOR U S SENATE,13000
AT&T,NEW PIONEERS PAC,5000
Verizon,NEW PIONEERS PAC,5000
Comcast,NEW PIONEERS PAC,11000
Sprint,NEW PIONEERS PAC,500
Cox Enterprises,NEW PIONEERS PAC,5000
Lumen Technologies,NEW PIONEERS PAC,5000
Charter Communications,NEW PIONEERS PAC,5000
AT&T,DEMOCRATIC SENATORIAL CAMPAIGN COMMITTEE,15000
Sprint,DEMOCRATIC SENATORIAL CAMPAIGN COMMITTEE,5000
Cox Enterprises,DEMOCRATIC SENATORIAL CAMPAIGN COMMITTEE,16000
Lumen Technologies,DEMOCRATIC SENATORIAL CAMPAIGN COMMITTEE,250
AT&T,HELLER FOR SENATE,500
Verizon,HELLER FOR SENATE,7500
Comcast,HELLER FOR SENATE,10500
Sprint,HELLER FOR SENATE,2000
Cox Enterprises,HELLER FOR SENATE,6000
Lumen Technologies,HELLER FOR SENATE,2000
Charter Communications,HELLER FOR SENATE,7000
AT&T,BILLY LONG FOR CONGRESS,5000
Verizon,BILLY LONG FOR CONGRESS,4000
Comcast,BILLY LONG FOR CONGRESS,9000
Sprint,BILLY LONG FOR CONGRESS,1000
Cox Enterprises,BILLY LONG FOR CONGRESS,2000
Windstream,BILLY LONG FOR CONGRESS,1000
Lumen Technologies,BILLY LONG FOR CONGRESS,3500
Charter Communications,BILLY LONG FOR CONGRESS,10000
AT&T,DEMOCRATIC CONGRESSIONAL CAMPAIGN COMMITTEE,15000
Sprint,DEMOCRATIC CONGRESSIONAL CAMPAIGN COMMITTEE,5000
Cox Enterprises,DEMOCRATIC CONGRESSIONAL CAMPAIGN COMMITTEE,15000
Verizon,"RYAN FOR CONGRESS, INC.",5000
Comcast,"RYAN FOR CONGRESS, INC.",20000
Lumen Technologies,"RYAN FOR CONGRESS, INC.",10000
AT&T,CROWLEY FOR CONGRESS,5000
Verizon,CROWLEY FOR CONGRESS,5000
Comcast,CROWLEY FOR CONGRESS,12000
Cox Enterprises,CROWLEY FOR CONGRESS,2500
Charter Communications,CROWLEY FOR CONGRESS,10000
AT&T,KINZINGER FOR CONGRESS,5000
Verizon,KINZINGER FOR CONGRESS,6000
Comcast,KINZINGER FOR CONGRESS,10000
Sprint,KINZINGER FOR CONGRESS,2000
Cox Enterprises,KINZINGER FOR CONGRESS,2500
Windstream,KINZINGER FOR CONGRESS,1000
Lumen Technologies,KINZINGER FOR CONGRESS,5000
Charter Communications,KINZINGER FOR CONGRESS,2500
AT&T,HAWAII PAC,5000
Verizon,HAWAII PAC,2500
Comcast,HAWAII PAC,10000
Cox Enterprises,HAWAII PAC,5000
Lumen Technologies,HAWAII PAC,1000
Charter Communications,HAWAII PAC,10000
AT&T,JEFF FLAKE FOR US SENATE INC,2000
Verizon,JEFF FLAKE FOR US SENATE INC,8000
Comcast,JEFF FLAKE FOR US SENATE INC,20000
Lumen Technologies,JEFF FLAKE FOR US SENATE INC,3000
AT&T,VOLUNTEERS FOR SHIMKUS,5000
Verizon,VOLUNTEERS FOR SHIMKUS,5000
Comcast,VOLUNTEERS FOR SHIMKUS,10000
Sprint,VOLUNTEERS FOR SHIMKUS,1000
Cox Enterprises,VOLUNTEERS FOR SHIMKUS,2000
Charter Communications,VOLUNTEERS FOR SHIMKUS,10000
AT&T,ISSA FOR CONGRESS,5000
Verizon,ISSA FOR CONGRESS,3000
Comcast,ISSA FOR CONGRESS,10000
Sprint,ISSA FOR CONGRESS,2500
Cox Enterprises,ISSA FOR CONGRESS,6000
Windstream,ISSA FOR CONGRESS,1500
Charter Communications,ISSA FOR CONGRESS,5000
AT&T,ALAMO PAC,5000
Verizon,ALAMO PAC,5000
Comcast,ALAMO PAC,10000
Sprint,ALAMO PAC,2000
Cox Enterprises,ALAMO PAC,1000
Charter Communications,ALAMO PAC,10000
AT&T,WALTERS FOR CONGRESS,6000
Verizon,WALTERS FOR CONGRESS,3000
Comcast,WALTERS FOR CONGRESS,10000
Sprint,WALTERS FOR CONGRESS,500
Cox Enterprises,WALTERS FOR CONGRESS,7000
Lumen Technologies,WALTERS FOR CONGRESS,1000
Charter Communications,WALTERS FOR CONGRESS,5000
AT&T,SCOTT PETERS FOR CONGRESS,5000
Verizon,SCOTT PETERS FOR CONGRESS,3500
Comcast,SCOTT PETERS FOR CONGRESS,11000
Sprint,SCOTT PETERS FOR CONGRESS,500
Cox Enterprises,SCOTT PETERS FOR CONGRESS,7000
Lumen Technologies,SCOTT PETERS FOR CONGRESS,500
Charter Communications,SCOTT PETERS FOR CONGRESS,5000
AT&T,OLSON FOR CONGRESS COMMITTEE,5000
Verizon,OLSON FOR CONGRESS COMMITTEE,4000
Comcast,OLSON FOR CONGRESS COMMITTEE,7500
Sprint,OLSON FOR CONGRESS COMMITTEE,500
Cox Enterprises,OLSON FOR CONGRESS COMMITTEE,5500
Charter Communications,OLSON FOR CONGRESS COMMITTEE,10000
AT&T,JOHNSON FOR CONGRESS,5000
Verizon,JOHNSON FOR CONGRESS,4000
Comcast,JOHNSON FOR CONGRESS,11000
Sprint,JOHNSON FOR CONGRESS,1500
Cox Enterprises,JOHNSON FOR CONGRESS,2000
Lumen Technologies,JOHNSON FOR CONGRESS,3500
Charter Communications,JOHNSON FOR CONGRESS,5000
Verizon,HATCH ELECTION COMMITTEE INC,5000
Comcast,HATCH ELECTION COMMITTEE INC,20000
Cox Enterprises,HATCH ELECTION COMMITTEE INC,5000
Lumen Technologies,HATCH ELECTION COMMITTEE INC,2000
AT&T,KAINE FOR VIRGINIA,2500
Verizon,KAINE FOR VIRGINIA,5000
Comcast,KAINE FOR VIRGINIA,10500
Sprint,KAINE FOR VIRGINIA,1000
Cox Enterprises,KAINE FOR VIRGINIA,7500
Charter Communications,KAINE FOR VIRGINIA,5000
AT&T,KEVIN MCCARTHY FOR CONGRESS,5000
Verizon,KEVIN MCCARTHY FOR CONGRESS,5000
Sprint,KEVIN MCCARTHY FOR CONGRESS,1500
Cox Enterprises,KEVIN MCCARTHY FOR CONGRESS,5000
Lumen Technologies,KEVIN MCCARTHY FOR CONGRESS,5000
Charter Communications,KEVIN MCCARTHY FOR CONGRESS,10000
AT&T,HEARTLAND VALUES PAC,5000
Verizon,HEARTLAND VALUES PAC,5000
Comcast,HEARTLAND VALUES PAC,5000
Sprint,HEARTLAND VALUES PAC,3000
Cox Enterprises,HEARTLAND VALUES PAC,2000
Windstream,HEARTLAND VALUES PAC,1000
Charter Communications,HEARTLAND VALUES PAC,10000
AT&T,GUTHRIE FOR CONGRESS,5000
Verizon,GUTHRIE FOR CONGRESS,5000
Comcast,GUTHRIE FOR CONGRESS,6000
Sprint,GUTHRIE FOR CONGRESS,2000
Cox Enterprises,GUTHRIE FOR CONGRESS,2000
Lumen Technologies,GUTHRIE FOR CONGRESS,1000
Charter Communications,GUTHRIE FOR CONGRESS,10000
AT&T,CLARKE FOR CONGRESS,5000
Verizon,CLARKE FOR CONGRESS,3500
Comcast,CLARKE FOR CONGRESS,5000
Sprint,CLARKE FOR CONGRESS,1000
Cox Enterprises,CLARKE FOR CONGRESS,7500
Lumen Technologies,CLARKE FOR CONGRESS,1000
Charter Communications,CLARKE FOR CONGRESS,7500
AT&T,VAL DEMINGS FOR CONGRESS,3000
Verizon,VAL DEMINGS FOR CONGRESS,2000
Comcast,VAL DEMINGS FOR CONGRESS,16000
Cox Enterprises,VAL DEMINGS FOR CONGRESS,5500
Charter Communications,VAL DEMINGS FOR CONGRESS,3500
AT&T,PROMOTING OUR REPUBLICAN TEAM PAC,2500
Verizon,PROMOTING OUR REPUBLICAN TEAM PAC,10000
Comcast,PROMOTING OUR REPUBLICAN TEAM PAC,10000
Cox Enterprises,PROMOTING OUR REPUBLICAN TEAM PAC,5000
Charter Communications,PROMOTING OUR REPUBLICAN TEAM PAC,2500
Verizon,MOVING AMERICA FORWARD,5000
Comcast,MOVING AMERICA FORWARD,10000
Lumen Technologies,MOVING AMERICA FORWARD,5000
Charter Communications,MOVING AMERICA FORWARD,10000
Verizon,THE EYE OF THE TIGER POLITICAL ACTION COMMITTEE,5000
Comcast,THE EYE OF THE TIGER POLITICAL ACTION COMMITTEE,10000
Lumen Technologies,THE EYE OF THE TIGER POLITICAL ACTION COMMITTEE,5000
Charter Communications,THE EYE OF THE TIGER POLITICAL ACTION COMMITTEE,10000
AT&T,PALLONE FOR CONGRESS,5000
Verizon,PALLONE FOR CONGRESS,5000
Comcast,PALLONE FOR CONGRESS,3500
Sprint,PALLONE FOR CONGRESS,2500
Cox Enterprises,PALLONE FOR CONGRESS,2500
Windstream,PALLONE FOR CONGRESS,2000
Lumen Technologies,PALLONE FOR CONGRESS,1500
Charter Communications,PALLONE FOR CONGRESS,7500
AT&T,BOB CASEY FOR SENATE INC,3500
Verizon,BOB CASEY FOR SENATE INC,1000
Comcast,BOB CASEY FOR SENATE INC,20000
Charter Communications,BOB CASEY FOR SENATE INC,5000
AT&T,FRIENDS OF MAZIE HIRONO,3000
Verizon,FRIENDS OF MAZIE HIRONO,4000
Comcast,FRIENDS OF MAZIE HIRONO,13500
Cox Enterprises,FRIENDS OF MAZIE HIRONO,4000
Charter Communications,FRIENDS OF MAZIE HIRONO,5000
AT&T,MIKE BISHOP FOR CONGRESS,10000
Verizon,MIKE BISHOP FOR CONGRESS,4000
Comcast,MIKE BISHOP FOR CONGRESS,7500
Charter Communications,MIKE BISHOP FOR CONGRESS,7500
AT&T,MCSALLY FOR CONGRESS,4000
Verizon,MCSALLY FOR CONGRESS,5000
Comcast,MCSALLY FOR CONGRESS,10000
Cox Enterprises,MCSALLY FOR CONGRESS,10000
AT&T,PAT MEEHAN FOR CONGRESS,5000
Verizon,PAT MEEHAN FOR CONGRESS,4000
Comcast,PAT MEEHAN FOR CONGRESS,20000
AT&T,MCCASKILL FOR MISSOURI,5000
Verizon,MCCASKILL FOR MISSOURI,5000
Comcast,MCCASKILL FOR MISSOURI,11000
Sprint,MCCASKILL FOR MISSOURI,2000
Cox Enterprises,MCCASKILL FOR MISSOURI,3000
Windstream,MCCASKILL FOR MISSOURI,1500
Lumen Technologies,MCCASKILL FOR MISSOURI,1000
AT&T,LANCE FOR CONGRESS,5000
Verizon,LANCE FOR CONGRESS,5000
Comcast,LANCE FOR CONGRESS,10000
Cox Enterprises,LANCE FOR CONGRESS,1000
Lumen Technologies,LANCE FOR CONGRESS,2500
Charter Communications,LANCE FOR CONGRESS,5000
AT&T,MULLIN FOR CONGRESS,5000
Verizon,MULLIN FOR CONGRESS,3000
Comcast,MULLIN FOR CONGRESS,8000
Sprint,MULLIN FOR CONGRESS,2000
Cox Enterprises,MULLIN FOR CONGRESS,5000
Charter Communications,MULLIN FOR CONGRESS,5000
AT&T,LEAD ENCOURAGE ELECT PAC - LEE PAC,5000
Comcast,LEAD ENCOURAGE ELECT PAC - LEE PAC,7500
Sprint,LEAD ENCOURAGE ELECT PAC - LEE PAC,2000
Cox Enterprises,LEAD ENCOURAGE ELECT PAC - LEE PAC,2000
Charter Communications,LEAD ENCOURAGE ELECT PAC - LEE PAC,10000
AT&T,MATSUI FOR CONGRESS,4000
Verizon,MATSUI FOR CONGRESS,5000
Comcast,MATSUI FOR CONGRESS,5000
Sprint,MATSUI FOR CONGRESS,2000
Cox Enterprises,MATSUI FOR CONGRESS,7500
Windstream,MATSUI FOR CONGRESS,2000
Lumen Technologies,MATSUI FOR CONGRESS,1000
AT&T,DR. RAUL RUIZ FOR CONGRESS,5000
Verizon,DR. RAUL RUIZ FOR CONGRESS,3000
Comcast,DR. RAUL RUIZ FOR CONGRESS,8000
Sprint,DR. RAUL RUIZ FOR CONGRESS,500
Charter Communications,DR. RAUL RUIZ FOR CONGRESS,10000
AT&T,FRIENDS OF JIM CLYBURN,5000
Verizon,FRIENDS OF JIM CLYBURN,3500
Comcast,FRIENDS OF JIM CLYBURN,4000
Sprint,FRIENDS OF JIM CLYBURN,1000
Cox Enterprises,FRIENDS OF JIM CLYBURN,5000
Lumen Technologies,FRIENDS OF JIM CLYBURN,2500
Charter Communications,FRIENDS OF JIM CLYBURN,5000
AT&T,MANCHIN FOR WEST VIRGINIA,2000
Verizon,MANCHIN FOR WEST VIRGINIA,3500
Comcast,MANCHIN FOR WEST VIRGINIA,12500
Cox Enterprises,MANCHIN FOR WEST VIRGINIA,4000
Lumen Technologies,MANCHIN FOR WEST VIRGINIA,1000
Charter Communications,MANCHIN FOR WEST VIRGINIA,2500
AT&T,RICHMOND FOR CONGRESS,5000
Verizon,RICHMOND FOR CONGRESS,2000
Comcast,RICHMOND FOR CONGRESS,7000
Sprint,RICHMOND FOR CONGRESS,1500
Cox Enterprises,RICHMOND FOR CONGRESS,5000
Charter Communications,RICHMOND FOR CONGRESS,5000
AT&T,COMMITTEE TO RE-ELECT LINDA SANCHEZ,4000
Verizon,COMMITTEE TO RE-ELECT LINDA SANCHEZ,4000
Comcast,COMMITTEE TO RE-ELECT LINDA SANCHEZ,10500
Cox Enterprises,COMMITTEE TO RE-ELECT LINDA SANCHEZ,1500
Charter Communications,COMMITTEE TO RE-ELECT LINDA SANCHEZ,5000
AT&T,JASON SMITH FOR CONGRESS,5000
Verizon,JASON SMITH FOR CONGRESS,3000
Comcast,JASON SMITH FOR CONGRESS,10000
Sprint,JASON SMITH FOR CONGRESS,1000
Lumen Technologies,JASON SMITH FOR CONGRESS,3500
Charter Communications,JASON SMITH FOR CONGRESS,2500
AT&T,FRIENDS OF JOHN BARRASSO,2500
Verizon,FRIENDS OF JOHN BARRASSO,2500
Comcast,FRIENDS OF JOHN BARRASSO,10000
Charter Communications,FRIENDS OF JOHN BARRASSO,10000
AT&T,RESPONSIBILITY AND FREEDOM WORK PAC (RFWPAC),5000
Verizon,RESPONSIBILITY AND FREEDOM WORK PAC (RFWPAC),5000
Comcast,RESPONSIBILITY AND FREEDOM WORK PAC (RFWPAC),10000
Charter Communications,RESPONSIBILITY AND FREEDOM WORK PAC (RFWPAC),5000
AT&T,AMERIPAC: THE FUND FOR A GREATER AMERICA,5000
Verizon,AMERIPAC: THE FUND FOR A GREATER AMERICA,5000
Comcast,AMERIPAC: THE FUND FOR A GREATER AMERICA,10000
Cox Enterprises,AMERIPAC: THE FUND FOR A GREATER AMERICA,5000
Verizon,MAJORITY COMMITTEE PAC--MC PAC,5000
Comcast,MAJORITY COMMITTEE PAC--MC PAC,5000
Cox Enterprises,MAJORITY COMMITTEE PAC--MC PAC,5000
Charter Communications,MAJORITY COMMITTEE PAC--MC PAC,10000
Verizon,PROSPERITY ACTION INC.,5000
Comcast,PROSPERITY ACTION INC.,10000
Cox Enterprises,PROSPERITY ACTION INC.,5000
Lumen Technologies,PROSPERITY ACTION INC.,5000
Verizon,"JOBS, OPPORTUNITIES AND EDUCATION PAC (JOE-PAC)",5000
Comcast,"JOBS, OPPORTUNITIES AND EDUCATION PAC (JOE-PAC)",10000
Charter Communications,"JOBS, OPPORTUNITIES AND EDUCATION PAC (JOE-PAC)",10000
AT&T,ROBERT ADERHOLT FOR CONGRESS,5000
Verizon,ROBERT ADERHOLT FOR CONGRESS,3500
Comcast,ROBERT ADERHOLT FOR CONGRESS,10000
Cox Enterprises,ROBERT ADERHOLT FOR CONGRESS,1000
Charter Communications,ROBERT ADERHOLT FOR CONGRESS,5000
AT&T,BILIRAKIS FOR CONGRESS,4000
Verizon,BILIRAKIS FOR CONGRESS,4000
Comcast,BILIRAKIS FOR CONGRESS,3500
Sprint,BILIRAKIS FOR CONGRESS,500
Lumen Technologies,BILIRAKIS FOR CONGRESS,2500
Charter Communications,BILIRAKIS FOR CONGRESS,10000
AT&T,GENE GREEN CONGRESSIONAL CAMPAIGN,5000
Verizon,GENE GREEN CONGRESSIONAL CAMPAIGN,5000
Comcast,GENE GREEN CONGRESSIONAL CAMPAIGN,10000
Cox Enterprises,GENE GREEN CONGRESSIONAL CAMPAIGN,3500
Lumen Technologies,GENE GREEN CONGRESSIONAL CAMPAIGN,1000
AT&T,PEOPLE FOR BEN,4500
Verizon,PEOPLE FOR BEN,5000
Comcast,PEOPLE FOR BEN,8500
Sprint,PEOPLE FOR BEN,1000
Cox Enterprises,PEOPLE FOR BEN,2000
Windstream,PEOPLE FOR BEN,1000
Lumen Technologies,PEOPLE FOR BEN,2500
AT&T,FEINSTEIN FOR SENATE 2018,2500
Verizon,FEINSTEIN FOR SENATE 2018,3000
Comcast,FEINSTEIN FOR SENATE 2018,14500
Sprint,FEINSTEIN FOR SENATE 2018,1000
Cox Enterprises,FEINSTEIN FOR SENATE 2018,2500
Lumen Technologies,FEINSTEIN FOR SENATE 2018,1000
AT&T,DEBBIE DINGELL FOR CONGRESS,3000
Verizon,DEBBIE DINGELL FOR CONGRESS,2000
Comcast,DEBBIE DINGELL FOR CONGRESS,6500
Sprint,DEBBIE DINGELL FOR CONGRESS,500
Cox Enterprises,DEBBIE DINGELL FOR CONGRESS,7500
Charter Communications,DEBBIE DINGELL FOR CONGRESS,5000
AT&T,KYRSTEN SINEMA FOR CONGRESS,4000
Verizon,KYRSTEN SINEMA FOR CONGRESS,1000
Comcast,KYRSTEN SINEMA FOR CONGRESS,9000
Cox Enterprises,KYRSTEN SINEMA FOR CONGRESS,10000
Lumen Technologies,KYRSTEN SINEMA FOR CONGRESS,0
AT&T,CHARLIE DENT FOR CONGRESS,3000
Verizon,CHARLIE DENT FOR CONGRESS,1000
Comcast,CHARLIE DENT FOR CONGRESS,20000
AT&T,KURT SCHRADER FOR CONGRESS,4000
Verizon,KURT SCHRADER FOR CONGRESS,5000
Comcast,KURT SCHRADER FOR CONGRESS,7500
Cox Enterprises,KURT SCHRADER FOR CONGRESS,3500
Lumen Technologies,KURT SCHRADER FOR CONGRESS,1000
Charter Communications,KURT SCHRADER FOR CONGRESS,3000
AT&T,GEORGE HOLDING FOR CONGRESS INC.,5000
Verizon,GEORGE HOLDING FOR CONGRESS INC.,4000
Comcast,GEORGE HOLDING FOR CONGRESS INC.,15000
AT&T,TONY CARDENAS FOR CONGRESS,5000
Verizon,TONY CARDENAS FOR CONGRESS,5000
Comcast,TONY CARDENAS FOR CONGRESS,4500
Sprint,TONY CARDENAS FOR CONGRESS,1000
Cox Enterprises,TONY CARDENAS FOR CONGRESS,2500
Lumen Technologies,TONY CARDENAS FOR CONGRESS,1000
Charter Communications,TONY CARDENAS FOR CONGRESS,5000
AT&T,FRIENDS OF SUSAN BROOKS,5000
Verizon,FRIENDS OF SUSAN BROOKS,2500
Comcast,FRIENDS OF SUSAN BROOKS,10000
Sprint,FRIENDS OF SUSAN BROOKS,500
Cox Enterprises,FRIENDS OF SUSAN BROOKS,5000
Lumen Technologies,FRIENDS OF SUSAN BROOKS,1000
AT&T,RICHARD E NEAL FOR CONGRESS COMMITTEE,5000
Verizon,RICHARD E NEAL FOR CONGRESS COMMITTEE,5000
Comcast,RICHARD E NEAL FOR CONGRESS COMMITTEE,12000
Cox Enterprises,RICHARD E NEAL FOR CONGRESS COMMITTEE,2000
AT&T,THE CONGRESSMAN JOE BARTON COMMITTEE,5500
Verizon,THE CONGRESSMAN JOE BARTON COMMITTEE,3000
Comcast,THE CONGRESSMAN JOE BARTON COMMITTEE,10000
Cox Enterprises,THE CONGRESSMAN JOE BARTON COMMITTEE,2500
Charter Communications,THE CONGRESSMAN JOE BARTON COMMITTEE,2500
AT&T,FRIENDS OF ERIK PAULSEN,5000
Verizon,FRIENDS OF ERIK PAULSEN,4000
Comcast,FRIENDS OF ERIK PAULSEN,9500
Cox Enterprises,FRIENDS OF ERIK PAULSEN,5000
AT&T,NATIONAL REPUBLICAN CONGRESSIONAL COMMITTEE,1000
Verizon,NATIONAL REPUBLICAN CONGRESSIONAL COMMITTEE,2500
Sprint,NATIONAL REPUBLICAN CONGRESSIONAL COMMITTEE,5000
Cox Enterprises,NATIONAL REPUBLICAN CONGRESSIONAL COMMITTEE,15000
AT&T,MIKE KELLY FOR CONGRESS,5000
Verizon,MIKE KELLY FOR CONGRESS,1000
Comcast,MIKE KELLY FOR CONGRESS,7000
Cox Enterprises,MIKE KELLY FOR CONGRESS,10000
AT&T,MOTOR CITY PAC,0
Verizon,MOTOR CITY PAC,2000
Comcast,MOTOR CITY PAC,10000
Cox Enterprises,MOTOR CITY PAC,1000
Charter Communications,MOTOR CITY PAC,10000
AT&T,IMPACT,5000
Verizon,IMPACT,5000
Comcast,IMPACT,5000
Sprint,IMPACT,2000
Cox Enterprises,IMPACT,1000
Charter Communications,IMPACT,5000
Verizon,FRIENDS OF SHERROD BROWN,2000
Comcast,FRIENDS OF SHERROD BROWN,10000
Cox Enterprises,FRIENDS OF SHERROD BROWN,6000
Charter Communications,FRIENDS OF SHERROD BROWN,5000
AT&T,COMMITTEE TO RE-ELECT HENRY HANK JOHNSON,5000
Verizon,COMMITTEE TO RE-ELECT HENRY HANK JOHNSON,1500
Comcast,COMMITTEE TO RE-ELECT HENRY HANK JOHNSON,1000
Sprint,COMMITTEE TO RE-ELECT HENRY HANK JOHNSON,1000
Cox Enterprises,COMMITTEE TO RE-ELECT HENRY HANK JOHNSON,6500
Charter Communications,COMMITTEE TO RE-ELECT HENRY HANK JOHNSON,7500
AT&T,TIBERI FOR CONGRESS,5000
Verizon,TIBERI FOR CONGRESS,5000
Comcast,TIBERI FOR CONGRESS,10000
Lumen Technologies,TIBERI FOR CONGRESS,2500
Charter Communications,TIBERI FOR CONGRESS,0
AT&T,BILL SHUSTER FOR CONGRESS,5000
Verizon,BILL SHUSTER FOR CONGRESS,7500
Comcast,BILL SHUSTER FOR CONGRESS,10000
Verizon,MAKING A RESPONSIBLE STAND FOR HOUSEHOLDS IN AMERICA (MARSHA PAC),2500
Comcast,MAKING A RESPONSIBLE STAND FOR HOUSEHOLDS IN AMERICA (MARSHA PAC),10000
Charter Communications,MAKING A RESPONSIBLE STAND FOR HOUSEHOLDS IN AMERICA (MARSHA PAC),10000
Comcast,ALL FOR OUR COUNTRY LEADERSHIP PAC,10000
Cox Enterprises,ALL FOR OUR COUNTRY LEADERSHIP PAC,2500
Charter Communications,ALL FOR OUR COUNTRY LEADERSHIP PAC,10000
Sprint,SCALISE LEADERSHIP FUND,2500
Lumen Technologies,SCALISE LEADERSHIP FUND,20000